Country,Code,M3U URL
ğŸ‡¦ğŸ‡« Afghanistan,af,https://iptv-org.github.io/iptv/countries/af.m3u
ğŸ‡¦ğŸ‡± Albania,al,https://iptv-org.github.io/iptv/countries/al.m3u
ğŸ‡©ğŸ‡¿ Algeria,dz,https://iptv-org.github.io/iptv/countries/dz.m3u
ğŸ‡¦ğŸ‡© Andorra,ad,https://iptv-org.github.io/iptv/countries/ad.m3u
ğŸ‡¦ğŸ‡´ Angola,ao,https://iptv-org.github.io/iptv/countries/ao.m3u
ğŸ‡¦ğŸ‡¬ Antigua and Barbuda,ag,https://iptv-org.github.io/iptv/countries/ag.m3u
ğŸ‡¦ğŸ‡· Argentina,ar,https://iptv-org.github.io/iptv/countries/ar.m3u
ğŸ‡¦ğŸ‡² Armenia,am,https://iptv-org.github.io/iptv/countries/am.m3u
ğŸ‡¦ğŸ‡¼ Aruba,aw,https://iptv-org.github.io/iptv/countries/aw.m3u
ğŸ‡¦ğŸ‡º Australia,au,https://iptv-org.github.io/iptv/countries/au.m3u
ğŸ‡¦ğŸ‡¹ Austria,at,https://iptv-org.github.io/iptv/countries/at.m3u
ğŸ‡¦ğŸ‡¿ Azerbaijan,az,https://iptv-org.github.io/iptv/countries/az.m3u
ğŸ‡§ğŸ‡¸ Bahamas,bs,https://iptv-org.github.io/iptv/countries/bs.m3u
ğŸ‡§ğŸ‡­ Bahrain,bh,https://iptv-org.github.io/iptv/countries/bh.m3u
ğŸ‡§ğŸ‡© Bangladesh,bd,https://iptv-org.github.io/iptv/countries/bd.m3u
ğŸ‡§ğŸ‡§ Barbados,bb,https://iptv-org.github.io/iptv/countries/bb.m3u
ğŸ‡§ğŸ‡¾ Belarus,by,https://iptv-org.github.io/iptv/countries/by.m3u
ğŸ‡§ğŸ‡ª Belgium,be,https://iptv-org.github.io/iptv/countries/be.m3u
ğŸ‡§ğŸ‡¿ Belize,bz,https://iptv-org.github.io/iptv/countries/bz.m3u
ğŸ‡§ğŸ‡¯ Benin,bj,https://iptv-org.github.io/iptv/countries/bj.m3u
ğŸ‡§ğŸ‡´ Bolivia,bo,https://iptv-org.github.io/iptv/countries/bo.m3u
ğŸ‡§ğŸ‡¦ Bosnia and Herzegovina,ba,https://iptv-org.github.io/iptv/countries/ba.m3u
ğŸ‡§ğŸ‡¼ Botswana,bw,https://iptv-org.github.io/iptv/countries/bw.m3u
ğŸ‡§ğŸ‡· Brazil,br,https://iptv-org.github.io/iptv/countries/br.m3u
ğŸ‡§ğŸ‡³ Brunei,bn,https://iptv-org.github.io/iptv/countries/bn.m3u
ğŸ‡§ğŸ‡¬ Bulgaria,bg,https://iptv-org.github.io/iptv/countries/bg.m3u
ğŸ‡§ğŸ‡« Burkina Faso,bf,https://iptv-org.github.io/iptv/countries/bf.m3u
ğŸ‡§ğŸ‡® Burundi,bi,https://iptv-org.github.io/iptv/countries/bi.m3u
ğŸ‡°ğŸ‡­ Cambodia,kh,https://iptv-org.github.io/iptv/countries/kh.m3u
ğŸ‡¨ğŸ‡² Cameroon,cm,https://iptv-org.github.io/iptv/countries/cm.m3u
ğŸ‡¨ğŸ‡¦ Canada,ca,https://iptv-org.github.io/iptv/countries/ca.m3u
ğŸ‡¨ğŸ‡» Cape Verde,cv,https://iptv-org.github.io/iptv/countries/cv.m3u
ğŸ‡¨ğŸ‡« Central African Republic,cf,https://iptv-org.github.io/iptv/countries/cf.m3u
ğŸ‡¹ğŸ‡© Chad,td,https://iptv-org.github.io/iptv/countries/td.m3u
ğŸ‡¨ğŸ‡± Chile,cl,https://iptv-org.github.io/iptv/countries/cl.m3u
ğŸ‡¨ğŸ‡³ China,cn,https://iptv-org.github.io/iptv/countries/cn.m3u
ğŸ‡¨ğŸ‡´ Colombia,co,https://iptv-org.github.io/iptv/countries/co.m3u
ğŸ‡¨ğŸ‡· Costa Rica,cr,https://iptv-org.github.io/iptv/countries/cr.m3u
ğŸ‡­ğŸ‡· Croatia,hr,https://iptv-org.github.io/iptv/countries/hr.m3u
ğŸ‡¨ğŸ‡º Cuba,cu,https://iptv-org.github.io/iptv/countries/cu.m3u
ğŸ‡¨ğŸ‡¾ Cyprus,cy,https://iptv-org.github.io/iptv/countries/cy.m3u
ğŸ‡¨ğŸ‡¿ Czech Republic,cz,https://iptv-org.github.io/iptv/countries/cz.m3u
ğŸ‡©ğŸ‡° Denmark,dk,https://iptv-org.github.io/iptv/countries/dk.m3u
ğŸ‡©ğŸ‡¯ Djibouti,dj,https://iptv-org.github.io/iptv/countries/dj.m3u
ğŸ‡©ğŸ‡´ Dominican Republic,do,https://iptv-org.github.io/iptv/countries/do.m3u
ğŸ‡ªğŸ‡¨ Ecuador,ec,https://iptv-org.github.io/iptv/countries/ec.m3u
ğŸ‡ªğŸ‡¬ Egypt,eg,https://iptv-org.github.io/iptv/countries/eg.m3u
ğŸ‡¸ğŸ‡» El Salvador,sv,https://iptv-org.github.io/iptv/countries/sv.m3u
ğŸ‡¬ğŸ‡¶ Equatorial Guinea,gq,https://iptv-org.github.io/iptv/countries/gq.m3u
ğŸ‡ªğŸ‡· Eritrea,er,https://iptv-org.github.io/iptv/countries/er.m3u
ğŸ‡ªğŸ‡ª Estonia,ee,https://iptv-org.github.io/iptv/countries/ee.m3u
ğŸ‡ªğŸ‡¹ Ethiopia,et,https://iptv-org.github.io/iptv/countries/et.m3u
ğŸ‡«ğŸ‡® Finland,fi,https://iptv-org.github.io/iptv/countries/fi.m3u
ğŸ‡«ğŸ‡· France,fr,https://iptv-org.github.io/iptv/countries/fr.m3u
ğŸ‡¬ğŸ‡¦ Gabon,ga,https://iptv-org.github.io/iptv/countries/ga.m3u
ğŸ‡¬ğŸ‡² Gambia,gm,https://iptv-org.github.io/iptv/countries/gm.m3u
ğŸ‡¬ğŸ‡ª Georgia,ge,https://iptv-org.github.io/iptv/countries/ge.m3u
ğŸ‡©ğŸ‡ª Germany,de,https://iptv-org.github.io/iptv/countries/de.m3u
ğŸ‡¬ğŸ‡­ Ghana,gh,https://iptv-org.github.io/iptv/countries/gh.m3u
ğŸ‡¬ğŸ‡· Greece,gr,https://iptv-org.github.io/iptv/countries/gr.m3u
ğŸ‡¬ğŸ‡¹ Guatemala,gt,https://iptv-org.github.io/iptv/countries/gt.m3u
ğŸ‡¬ğŸ‡³ Guinea,gn,https://iptv-org.github.io/iptv/countries/gn.m3u
ğŸ‡¬ğŸ‡¾ Guyana,gy,https://iptv-org.github.io/iptv/countries/gy.m3u
ğŸ‡­ğŸ‡¹ Haiti,ht,https://iptv-org.github.io/iptv/countries/ht.m3u
ğŸ‡­ğŸ‡³ Honduras,hn,https://iptv-org.github.io/iptv/countries/hn.m3u
ğŸ‡­ğŸ‡° Hong Kong,hk,https://iptv-org.github.io/iptv/countries/hk.m3u
ğŸ‡­ğŸ‡º Hungary,hu,https://iptv-org.github.io/iptv/countries/hu.m3u
ğŸ‡®ğŸ‡¸ Iceland,is,https://iptv-org.github.io/iptv/countries/is.m3u
ğŸ‡®ğŸ‡³ India,in,https://iptv-org.github.io/iptv/countries/in.m3u
ğŸ‡®ğŸ‡© Indonesia,id,https://iptv-org.github.io/iptv/countries/id.m3u
ğŸ‡®ğŸ‡· Iran,ir,https://iptv-org.github.io/iptv/countries/ir.m3u
ğŸ‡®ğŸ‡¶ Iraq,iq,https://iptv-org.github.io/iptv/countries/iq.m3u
ğŸ‡®ğŸ‡ª Ireland,ie,https://iptv-org.github.io/iptv/countries/ie.m3u
ğŸ‡®ğŸ‡± Israel,il,https://iptv-org.github.io/iptv/countries/il.m3u
ğŸ‡®ğŸ‡¹ Italy,it,https://iptv-org.github.io/iptv/countries/it.m3u
ğŸ‡¯ğŸ‡² Jamaica,jm,https://iptv-org.github.io/iptv/countries/jm.m3u
ğŸ‡¯ğŸ‡µ Japan,jp,https://iptv-org.github.io/iptv/countries/jp.m3u
ğŸ‡¯ğŸ‡´ Jordan,jo,https://iptv-org.github.io/iptv/countries/jo.m3u
ğŸ‡°ğŸ‡¿ Kazakhstan,kz,https://iptv-org.github.io/iptv/countries/kz.m3u
ğŸ‡°ğŸ‡ª Kenya,ke,https://iptv-org.github.io/iptv/countries/ke.m3u
ğŸ‡°ğŸ‡¼ Kuwait,kw,https://iptv-org.github.io/iptv/countries/kw.m3u
ğŸ‡°ğŸ‡¬ Kyrgyzstan,kg,https://iptv-org.github.io/iptv/countries/kg.m3u
ğŸ‡±ğŸ‡¦ Laos,la,https://iptv-org.github.io/iptv/countries/la.m3u
ğŸ‡±ğŸ‡» Latvia,lv,https://iptv-org.github.io/iptv/countries/lv.m3u
ğŸ‡±ğŸ‡§ Lebanon,lb,https://iptv-org.github.io/iptv/countries/lb.m3u
ğŸ‡±ğŸ‡¾ Libya,ly,https://iptv-org.github.io/iptv/countries/ly.m3u
ğŸ‡±ğŸ‡¹ Lithuania,lt,https://iptv-org.github.io/iptv/countries/lt.m3u
ğŸ‡±ğŸ‡º Luxembourg,lu,https://iptv-org.github.io/iptv/countries/lu.m3u
ğŸ‡²ğŸ‡´ Macau,mo,https://iptv-org.github.io/iptv/countries/mo.m3u
ğŸ‡²ğŸ‡° North Macedonia,mk,https://iptv-org.github.io/iptv/countries/mk.m3u
ğŸ‡²ğŸ‡¬ Madagascar,mg,https://iptv-org.github.io/iptv/countries/mg.m3u
ğŸ‡²ğŸ‡¾ Malaysia,my,https://iptv-org.github.io/iptv/countries/my.m3u
ğŸ‡²ğŸ‡» Maldives,mv,https://iptv-org.github.io/iptv/countries/mv.m3u
ğŸ‡²ğŸ‡± Mali,ml,https://iptv-org.github.io/iptv/countries/ml.m3u
ğŸ‡²ğŸ‡¹ Malta,mt,https://iptv-org.github.io/iptv/countries/mt.m3u
ğŸ‡²ğŸ‡½ Mexico,mx,https://iptv-org.github.io/iptv/countries/mx.m3u
ğŸ‡²ğŸ‡© Moldova,md,https://iptv-org.github.io/iptv/countries/md.m3u
ğŸ‡²ğŸ‡³ Mongolia,mn,https://iptv-org.github.io/iptv/countries/mn.m3u
ğŸ‡²ğŸ‡ª Montenegro,me,https://iptv-org.github.io/iptv/countries/me.m3u
ğŸ‡²ğŸ‡¦ Morocco,ma,https://iptv-org.github.io/iptv/countries/ma.m3u
ğŸ‡²ğŸ‡¿ Mozambique,mz,https://iptv-org.github.io/iptv/countries/mz.m3u
ğŸ‡²ğŸ‡² Myanmar,mm,https://iptv-org.github.io/iptv/countries/mm.m3u
ğŸ‡³ğŸ‡µ Nepal,np,https://iptv-org.github.io/iptv/countries/np.m3u
ğŸ‡³ğŸ‡± Netherlands,nl,https://iptv-org.github.io/iptv/countries/nl.m3u
ğŸ‡³ğŸ‡¿ New Zealand,nz,https://iptv-org.github.io/iptv/countries/nz.m3u
ğŸ‡³ğŸ‡® Nicaragua,ni,https://iptv-org.github.io/iptv/countries/ni.m3u
ğŸ‡³ğŸ‡¬ Nigeria,ng,https://iptv-org.github.io/iptv/countries/ng.m3u
ğŸ‡°ğŸ‡µ North Korea,kp,https://iptv-org.github.io/iptv/countries/kp.m3u
ğŸ‡³ğŸ‡´ Norway,no,https://iptv-org.github.io/iptv/countries/no.m3u
ğŸ‡´ğŸ‡² Oman,om,https://iptv-org.github.io/iptv/countries/om.m3u
ğŸ‡µğŸ‡° Pakistan,pk,https://iptv-org.github.io/iptv/countries/pk.m3u
ğŸ‡µğŸ‡¸ Palestine,ps,https://iptv-org.github.io/iptv/countries/ps.m3u
ğŸ‡µğŸ‡¦ Panama,pa,https://iptv-org.github.io/iptv/countries/pa.m3u
ğŸ‡µğŸ‡¾ Paraguay,py,https://iptv-org.github.io/iptv/countries/py.m3u
ğŸ‡µğŸ‡ª Peru,pe,https://iptv-org.github.io/iptv/countries/pe.m3u
ğŸ‡µğŸ‡­ Philippines,ph,https://iptv-org.github.io/iptv/countries/ph.m3u
ğŸ‡µğŸ‡± Poland,pl,https://iptv-org.github.io/iptv/countries/pl.m3u
ğŸ‡µğŸ‡¹ Portugal,pt,https://iptv-org.github.io/iptv/countries/pt.m3u
ğŸ‡µğŸ‡· Puerto Rico,pr,https://iptv-org.github.io/iptv/countries/pr.m3u
ğŸ‡¶ğŸ‡¦ Qatar,qa,https://iptv-org.github.io/iptv/countries/qa.m3u
ğŸ‡·ğŸ‡´ Romania,ro,https://iptv-org.github.io/iptv/countries/ro.m3u
ğŸ‡·ğŸ‡º Russia,ru,https://iptv-org.github.io/iptv/countries/ru.m3u
ğŸ‡·ğŸ‡¼ Rwanda,rw,https://iptv-org.github.io/iptv/countries/rw.m3u
ğŸ‡¸ğŸ‡¦ Saudi Arabia,sa,https://iptv-org.github.io/iptv/countries/sa.m3u
ğŸ‡¸ğŸ‡³ Senegal,sn,https://iptv-org.github.io/iptv/countries/sn.m3u
ğŸ‡·ğŸ‡¸ Serbia,rs,https://iptv-org.github.io/iptv/countries/rs.m3u
ğŸ‡¸ğŸ‡¬ Singapore,sg,https://iptv-org.github.io/iptv/countries/sg.m3u
ğŸ‡¸ğŸ‡° Slovakia,sk,https://iptv-org.github.io/iptv/countries/sk.m3u
ğŸ‡¸ğŸ‡® Slovenia,si,https://iptv-org.github.io/iptv/countries/si.m3u
ğŸ‡¸ğŸ‡´ Somalia,so,https://iptv-org.github.io/iptv/countries/so.m3u
ğŸ‡¿ğŸ‡¦ South Africa,za,https://iptv-org.github.io/iptv/countries/za.m3u
ğŸ‡°ğŸ‡· South Korea,kr,https://iptv-org.github.io/iptv/countries/kr.m3u
ğŸ‡¸ğŸ‡¸ South Sudan,ss,https://iptv-org.github.io/iptv/countries/ss.m3u
ğŸ‡ªğŸ‡¸ Spain,es,https://iptv-org.github.io/iptv/countries/es.m3u
ğŸ‡±ğŸ‡° Sri Lanka,lk,https://iptv-org.github.io/iptv/countries/lk.m3u
ğŸ‡¸ğŸ‡© Sudan,sd,https://iptv-org.github.io/iptv/countries/sd.m3u
ğŸ‡¸ğŸ‡ª Sweden,se,https://iptv-org.github.io/iptv/countries/se.m3u
ğŸ‡¨ğŸ‡­ Switzerland,ch,https://iptv-org.github.io/iptv/countries/ch.m3u
ğŸ‡¸ğŸ‡¾ Syria,sy,https://iptv-org.github.io/iptv/countries/sy.m3u
ğŸ‡¹ğŸ‡¼ Taiwan,tw,https://iptv-org.github.io/iptv/countries/tw.m3u
ğŸ‡¹ğŸ‡¯ Tajikistan,tj,https://iptv-org.github.io/iptv/countries/tj.m3u
ğŸ‡¹ğŸ‡¿ Tanzania,tz,https://iptv-org.github.io/iptv/countries/tz.m3u
ğŸ‡¹ğŸ‡­ Thailand,th,https://iptv-org.github.io/iptv/countries/th.m3u
ğŸ‡¹ğŸ‡¬ Togo,tg,https://iptv-org.github.io/iptv/countries/tg.m3u
ğŸ‡¹ğŸ‡¹ Trinidad and Tobago,tt,https://iptv-org.github.io/iptv/countries/tt.m3u
ğŸ‡¹ğŸ‡³ Tunisia,tn,https://iptv-org.github.io/iptv/countries/tn.m3u
ğŸ‡¹ğŸ‡· Turkey,tr,https://iptv-org.github.io/iptv/countries/tr.m3u
ğŸ‡¹ğŸ‡² Turkmenistan,tm,https://iptv-org.github.io/iptv/countries/tm.m3u
ğŸ‡ºğŸ‡¬ Uganda,ug,https://iptv-org.github.io/iptv/countries/ug.m3u
ğŸ‡ºğŸ‡¦ Ukraine,ua,https://iptv-org.github.io/iptv/countries/ua.m3u
ğŸ‡¦ğŸ‡ª United Arab Emirates,ae,https://iptv-org.github.io/iptv/countries/ae.m3u
ğŸ‡¬ğŸ‡§ United Kingdom,uk,https://iptv-org.github.io/iptv/countries/uk.m3u
ğŸ‡ºğŸ‡¸ United States,us,https://iptv-org.github.io/iptv/countries/us.m3u
ğŸ‡ºğŸ‡¾ Uruguay,uy,https://iptv-org.github.io/iptv/countries/uy.m3u
ğŸ‡ºğŸ‡¿ Uzbekistan,uz,https://iptv-org.github.io/iptv/countries/uz.m3u
ğŸ‡»ğŸ‡ª Venezuela,ve,https://iptv-org.github.io/iptv/countries/ve.m3u
ğŸ‡»ğŸ‡³ Vietnam,vn,https://iptv-org.github.io/iptv/countries/vn.m3u
ğŸ‡¾ğŸ‡ª Yemen,ye,https://iptv-org.github.io/iptv/countries/ye.m3u
ğŸ‡¿ğŸ‡² Zambia,zm,https://iptv-org.github.io/iptv/countries/zm.m3u
ğŸ‡¿ğŸ‡¼ Zimbabwe,zw,https://iptv-org.github.io/iptv/countries/zw.m3u
